module,r10_2task,r10_4task,drop_r10
q_einsum,0.554790336103,0.334627797145,-0.220162538958
kv_einsum,0.593154496282,0.391643346469,-0.201511149813
attn_vec_einsum,0.573570564746,0.362501895954,-0.211068668792
gating_einsum,0.516076070147,0.275084076136,-0.240991994011
linear,0.519580384824,0.280474125390,-0.239106259434
