scope,n,pearson,spearman
gating_einsum,18,0.926195806235,0.787409700722
linear,18,0.953164270681,0.552115583075
ffn_all,36,0.778074996994,0.842728442728
